<?xml version="1.0" encoding="UTF-8"?>
<project-private xmlns="http://www.netbeans.org/ns/project-private/1">
    <editor-bookmarks xmlns="http://www.netbeans.org/ns/editor-bookmarks/2" lastBookmarkId="0"/>
    <open-files xmlns="http://www.netbeans.org/ns/projectui-open-files/2">
        <group>
            <file>file:/C:/Users/coyne/Google%20Drive/School/Temple/CIS%203344-%20Client%20Side%20Web/Final%20Project/web/08_Angular/jsp/listStadiumsAPI.jsp</file>
            <file>file:/C:/Users/coyne/Google%20Drive/School/Temple/CIS%203344-%20Client%20Side%20Web/Final%20Project/web/09_AngAdv/style/listStyle.css</file>
            <file>file:/C:/Users/coyne/Google%20Drive/School/Temple/CIS%203344-%20Client%20Side%20Web/Final%20Project/web/09_AngAdv/webAPIs/insertUserAPI.jsp</file>
            <file>file:/C:/Users/coyne/Google%20Drive/School/Temple/CIS%203344-%20Client%20Side%20Web/Final%20Project/web/08_Angular/htmlPartials/listUsers.html</file>
            <file>file:/C:/Users/coyne/Google%20Drive/School/Temple/CIS%203344-%20Client%20Side%20Web/Final%20Project/web/09_AngAdv/js/4_user_insert_controller.js</file>
            <file>file:/C:/Users/coyne/Google%20Drive/School/Temple/CIS%203344-%20Client%20Side%20Web/Final%20Project/web/09_AngAdv/webAPIs/listUsersAPI.jsp</file>
            <file>file:/C:/Users/coyne/Google%20Drive/School/Temple/CIS%203344-%20Client%20Side%20Web/Final%20Project/web/09_AngAdv/style/myStyle.css</file>
            <file>file:/C:/Users/coyne/Google%20Drive/School/Temple/CIS%203344-%20Client%20Side%20Web/Final%20Project/web/08_Angular/style/listStyle.css</file>
            <file>file:/C:/Users/coyne/Google%20Drive/School/Temple/CIS%203344-%20Client%20Side%20Web/Final%20Project/web/09_AngAdv/webAPIs/insertStadiumAPI.jsp</file>
            <file>file:/C:/Users/coyne/Google%20Drive/School/Temple/CIS%203344-%20Client%20Side%20Web/Final%20Project/web/listStyle.css</file>
            <file>file:/C:/Users/coyne/Google%20Drive/School/Temple/CIS%203344-%20Client%20Side%20Web/Final%20Project/web/09_AngAdv/htmlPartials/listStadium.html</file>
            <file>file:/C:/Users/coyne/Google%20Drive/School/Temple/CIS%203344-%20Client%20Side%20Web/Final%20Project/web/08_Angular/js/stadium_routing.js</file>
            <file>file:/C:/Users/coyne/Google%20Drive/School/Temple/CIS%203344-%20Client%20Side%20Web/Final%20Project/web/09_AngAdv/js/3_stadium_controller.js</file>
            <file>file:/C:/Users/coyne/Google%20Drive/School/Temple/CIS%203344-%20Client%20Side%20Web/Final%20Project/web/08_Angular/jsp/listUsersAPI.jsp</file>
            <file>file:/C:/Users/coyne/Google%20Drive/School/Temple/CIS%203344-%20Client%20Side%20Web/Final%20Project/src/java/model/webUser/StringData.java</file>
            <file>file:/C:/Users/coyne/Google%20Drive/School/Temple/CIS%203344-%20Client%20Side%20Web/Final%20Project/web/style/myStyle.css</file>
            <file>file:/C:/Users/coyne/Google%20Drive/School/Temple/CIS%203344-%20Client%20Side%20Web/Final%20Project/web/09_AngAdv/js/5_stadium_insert_controller.js</file>
            <file>file:/C:/Users/coyne/Google%20Drive/School/Temple/CIS%203344-%20Client%20Side%20Web/Final%20Project/src/java/model/baseballStadiums/StringData.java</file>
            <file>file:/C:/Users/coyne/Google%20Drive/School/Temple/CIS%203344-%20Client%20Side%20Web/Final%20Project/web/09_AngAdv/htmlPartials/stadiumInsert.html</file>
            <file>file:/C:/Users/coyne/Google%20Drive/School/Temple/CIS%203344-%20Client%20Side%20Web/Final%20Project/src/java/model/baseballStadiums/DbMods.java</file>
            <file>file:/C:/Users/coyne/Google%20Drive/School/Temple/CIS%203344-%20Client%20Side%20Web/Final%20Project/web/07_webAPIs/listStadium.html</file>
            <file>file:/C:/Users/coyne/Google%20Drive/School/Temple/CIS%203344-%20Client%20Side%20Web/Final%20Project/web/07_webAPIs/js/ajaxUtilities.js</file>
            <file>file:/C:/Users/coyne/Google%20Drive/School/Temple/CIS%203344-%20Client%20Side%20Web/Final%20Project/web/08_Angular/style/myStyle.css</file>
            <file>file:/C:/Users/coyne/Google%20Drive/School/Temple/CIS%203344-%20Client%20Side%20Web/Final%20Project/web/09_AngAdv/htmlPartials/userContent.html</file>
            <file>file:/C:/Users/coyne/Google%20Drive/School/Temple/CIS%203344-%20Client%20Side%20Web/Final%20Project/web/09_AngAdv/webAPIs/listStadiumsAPI.jsp</file>
            <file>file:/C:/Users/coyne/Google%20Drive/School/Temple/CIS%203344-%20Client%20Side%20Web/Final%20Project/web/07_webAPIs/js/buildTable.js</file>
            <file>file:/C:/Users/coyne/Google%20Drive/School/Temple/CIS%203344-%20Client%20Side%20Web/Final%20Project/web/08_Angular/htmlPartials/listStadium.html</file>
            <file>file:/C:/Users/coyne/Google%20Drive/School/Temple/CIS%203344-%20Client%20Side%20Web/Final%20Project/src/java/model/baseballStadiums/StringDataList.java</file>
        </group>
    </open-files>
</project-private>
